0,0
1,1
2,2
3,1
4,4
5,5
6,2
7,7
8,8
9,1
10,10
11,11
12,4
13,13
14,14
15,5
16,16
17,17
18,2
19,19
20,20
21,5
22,22
23,23
24,8
25,25
26,26
27,1
28,28
29,29
30,10
31,31
32,32
33,11
34,34
35,35
36,4
37,37
38,38
39,13
40,40
41,41
42,14
43,43
44,44
45,5
46,46
47,47
48,16
49,49
50,50
51,17
52,52
53,53
54,2
55,55
56,56
57,11
58,58
59,59
60,20
61,61
62,62
63,5
64,64
65,65
66,14
67,67
68,68
69,23
70,70
71,71
72,8
73,73
74,74
75,17
76,76
77,77
78,26
79,79
80,80
81,1
82,82
83,83
84,28
85,85
86,86
87,29
88,88
89,89
90,10
91,91
92,92
93,31
94,94
95,95
96,32
97,97
98,98
99,11
100,100
101,101
102,34
103,103
104,104
105,35
106,106
107,107
108,4
109,109
110,110
111,31
112,112
113,113
114,38
115,115
116,116
117,13
118,118
119,119
120,40
121,121
122,122
123,41
124,124
125,125
126,14
127,127
128,128
129,43
130,130
131,131
132,44
133,133
134,134
135,5
136,136
137,137
138,34
139,139
140,140
141,47
142,142
143,143
144,16
145,145
146,146
147,43
148,148
149,149
150,50
151,151
152,152
153,17
154,154
155,155
156,52
157,157
158,158
159,53
160,160
161,161
162,2
163,122
164,164
165,29
166,166
167,167
168,56
169,169
170,170
171,11
172,172
173,173
174,38
175,175
176,176
177,59
178,178
179,179
180,20
181,181
182,182
183,47
184,184
185,185
186,62
187,187
188,188
189,5
190,190
191,191
192,32
193,193
194,194
195,59
196,196
197,197
198,14
199,199
200,200
201,41
202,202
203,203
204,68
205,205
206,206
207,23
208,208
209,209
210,50
211,211
212,212
213,71
214,214
215,215
216,8
217,217
218,218
219,35
220,220
221,221
222,62
223,223
224,224
225,17
226,226
227,227
228,44
229,229
230,230
231,71
232,232
233,233
234,26
235,235
236,236
237,53
238,238
239,239
240,80
241,241
242,242
243,1
244,40
245,53
246,82
247,121
248,160
249,83
250,122
251,161
252,28
253,253
254,254
255,85
256,256
257,257
258,86
259,259
260,260
261,29
262,262
263,263
264,88
265,265
266,266
267,89
268,268
269,269
270,10
271,271
272,272
273,91
274,274
275,275
276,92
277,277
278,278
279,31
280,280
281,281
282,94
283,283
284,284
285,95
286,286
287,287
288,32
289,289
290,290
291,97
292,292
293,293
294,98
295,295
296,296
297,11
298,298
299,299
300,100
301,301
302,302
303,101
304,304
305,305
306,34
307,307
308,308
309,103
310,310
311,311
312,104
313,313
314,314
315,35
316,316
317,317
318,106
319,319
320,320
321,107
322,322
323,323
324,4
325,121
326,134
327,85
328,328
329,329
330,110
331,331
332,332
333,31
334,334
335,335
336,112
337,337
338,338
339,113
340,340
341,341
342,38
343,343
344,344
345,115
346,346
347,347
348,116
349,349
350,350
351,13
352,352
353,353
354,94
355,355
356,356
357,119
358,358
359,359
360,40
361,361
362,362
363,121
364,364
365,365
366,122
367,367
368,368
369,41
370,370
371,371
372,124
373,373
374,374
375,125
376,376
377,377
378,14
379,365
380,380
381,103
382,382
383,383
384,128
385,385
386,386
387,43
388,388
389,389
390,130
391,391
392,392
393,131
394,394
395,395
396,44
397,397
398,398
399,133
400,400
401,401
402,134
403,403
404,404
405,5
406,122
407,215
408,88
409,365
410,410
411,137
412,412
413,413
414,34
415,415
416,416
417,115
418,418
419,419
420,140
421,421
422,422
423,47
424,424
425,425
426,142
427,427
428,428
429,143
430,430
431,431
432,16
433,367
434,434
435,97
436,436
437,437
438,146
439,439
440,440
441,43
442,442
443,443
444,124
445,445
446,446
447,149
448,448
449,449
450,50
451,451
452,452
453,151
454,454
455,455
456,152
457,457
458,458
459,17
460,368
461,461
462,106
463,463
464,464
465,155
466,466
467,467
468,52
469,469
470,470
471,133
472,472
473,473
474,158
475,475
476,476
477,53
478,478
479,479
480,160
481,481
482,482
483,161
484,484
485,485
486,2
487,41
488,80
489,83
490,122
491,161
492,164
493,203
494,242
495,29
496,284
497,323
498,110
499,365
500,404
501,167
502,446
503,485
504,56
505,505
506,506
507,137
508,508
509,509
510,170
511,511
512,512
513,11
514,310
515,323
516,92
517,517
518,518
519,173
520,520
521,521
522,38
523,523
524,524
525,119
526,526
527,527
528,176
529,529
530,530
531,59
532,532
533,533
534,146
535,535
536,536
537,179
538,538
539,539
540,20
541,371
542,542
543,101
544,544
545,545
546,182
547,547
548,548
549,47
550,550
551,551
552,128
553,553
554,554
555,185
556,556
557,557
558,62
559,559
560,560
561,155
562,562
563,563
564,188
565,565
566,566
567,5
568,124
569,161
570,86
571,367
572,484
573,167
574,446
575,485
576,32
577,577
578,578
579,113
580,580
581,581
582,194
583,583
584,584
585,59
586,586
587,587
588,140
589,589
590,590
591,197
592,592
593,593
594,14
595,373
596,404
597,95
598,598
599,599
600,176
601,601
602,602
603,41
604,604
605,605
606,122
607,607
608,608
609,203
610,610
611,611
612,68
613,613
614,614
615,149
616,616
617,617
618,206
619,619
620,620
621,23
622,374
623,623
624,104
625,625
626,626
627,185
628,628
629,629
630,50
631,631
632,632
633,131
634,634
635,635
636,212
637,637
638,638
639,71
640,640
641,641
642,158
643,643
644,644
645,215
646,646
647,647
648,8
649,125
650,242
651,89
652,368
653,485
654,170
655,611
656,656
657,35
658,658
659,659
660,116
661,661
662,662
663,197
664,664
665,665
666,62
667,667
668,668
669,143
670,670
671,671
672,224
673,673
674,674
675,17
676,376
677,485
678,98
679,679
680,680
681,179
682,682
683,683
684,44
685,685
686,686
687,125
688,688
689,689
690,206
691,691
692,692
693,71
694,694
695,695
696,152
697,697
698,698
699,233
700,700
701,701
702,26
703,377
704,704
705,107
706,706
707,707
708,188
709,709
710,710
711,53
712,712
713,713
714,134
715,715
716,716
717,215
718,718
719,719
720,80
721,721
722,722
723,161
724,724
725,725
726,242
727,727
728,728
729,1
730,13
731,17
732,28
733,40
734,52
735,29
736,41
737,53
738,82
739,94
740,106
741,85
742,121
743,133
744,88
745,124
746,160
747,83
748,119
749,155
750,86
751,122
752,158
753,89
754,125
755,161
756,28
757,256
758,260
759,253
760,283
761,295
762,254
763,310
764,322
765,85
766,337
767,349
768,256
769,364
770,376
771,257
772,373
773,403
774,86
775,358
776,430
777,259
778,367
779,457
780,260
781,376
782,484
783,29
784,353
785,461
786,254
787,362
788,470
789,263
790,371
791,479
792,88
793,356
794,464
795,257
796,365
797,473
798,266
799,374
800,482
801,89
802,359
803,467
804,260
805,368
806,476
807,269
808,377
809,485
810,10
811,94
812,98
813,253
814,283
815,295
816,272
817,284
818,296
819,91
820,820
821,821
822,274
823,823
824,824
825,275
826,826
827,827
828,92
829,829
830,830
831,277
832,832
833,833
834,278
835,835
836,836
837,31
838,337
839,341
840,280
841,841
842,842
843,281
844,844
845,845
846,94
847,847
848,848
849,283
850,850
851,851
852,284
853,853
854,854
855,95
856,856
857,857
858,286
859,859
860,860
861,287
862,862
863,863
864,32
865,356
866,584
867,289
868,868
869,869
870,290
871,871
872,872
873,97
874,874
875,875
876,292
877,877
878,878
879,293
880,880
881,881
882,98
883,883
884,884
885,295
886,886
887,887
888,296
889,889
890,890
891,11
892,119
893,179
894,254
895,362
896,470
897,299
898,527
899,539
900,100
901,848
902,902
903,301
904,904
905,905
906,302
907,907
908,908
909,101
910,910
911,911
912,304
913,913
914,914
915,305
916,916
917,917
918,34
919,358
920,422
921,289
922,922
923,923
924,308
925,925
926,926
927,103
928,928
929,929
930,310
931,931
932,932
933,311
934,934
935,935
936,104
937,937
938,938
939,313
940,940
941,941
942,314
943,943
944,944
945,35
946,359
947,665
948,316
949,949
950,950
951,317
952,952
953,953
954,106
955,955
956,956
957,319
958,958
959,959
960,320
961,961
962,962
963,107
964,964
965,965
966,322
967,967
968,968
969,323
970,970
971,971
972,4
973,40
974,44
975,85
976,121
977,133
978,110
979,122
980,134
981,85
982,283
983,319
984,328
985,364
986,400
987,329
988,367
989,403
990,110
991,362
992,398
993,329
994,365
995,401
996,332
997,368
998,404
999,31
1000,283
1001,287
1002,274
1003,850
1004,862
1005,335
1006,851
1007,863
1008,112
1009,1009
1010,1010
1011,337
1012,1012
1013,1013
1014,338
1015,1015
1016,1016
1017,113
1018,1018
1019,1019
1020,340
1021,1021
1022,1022
1023,341
1024,1024
1025,1025
1026,38
1027,362
1028,530
1029,301
1030,1030
1031,1031
1032,344
1033,1033
1034,1034
1035,115
1036,1036
1037,1037
1038,346
1039,1039
1040,1040
1041,347
1042,1042
1043,1043
1044,116
1045,1045
1046,1046
1047,349
1048,1048
1049,1049
1050,350
1051,1051
1052,1052
1053,13
1054,121
1055,125
1056,256
1057,364
1058,376
1059,353
1060,365
1061,377
1062,94
1063,850
1064,854
1065,337
1066,1066
1067,1067
1068,356
1069,1069
1070,1070
1071,119
1072,1072
1073,1073
1074,358
1075,1075
1076,1076
1077,359
1078,1078
1079,1079
1080,40
1081,364
1082,368
1083,283
1084,1084
1085,1085
1086,362
1087,1087
1088,1088
1089,121
1090,1090
1091,1091
1092,364
1093,1093
1094,1094
1095,365
1096,1096
1097,1097
1098,122
1099,1094
1100,1100
1101,367
1102,1102
1103,1103
1104,368
1105,1105
1106,1106
1107,41
1108,365
1109,611
1110,310
1111,1094
1112,1112
1113,371
1114,1114
1115,1115
1116,124
1117,1096
1118,1118
1119,373
1120,1120
1121,1121
1122,374
1123,1123
1124,1124
1125,125
1126,1097
1127,1127
1128,376
1129,1129
1130,1130
1131,377
1132,1132
1133,1133
1134,14
1135,122
1136,206
1137,257
1138,365
1139,473
1140,380
1141,608
1142,620
1143,103
1144,851
1145,935
1146,346
1147,1094
1148,1148
1149,383
1150,1150
1151,1151
1152,128
1153,1100
1154,1154
1155,385
1156,1156
1157,1157
1158,386
1159,1159
1160,1160
1161,43
1162,367
1163,449
1164,292
1165,1096
1166,1166
1167,389
1168,1168
1169,1169
1170,130
1171,1102
1172,1172
1173,373
1174,1174
1175,1175
1176,392
1177,1177
1178,1178
1179,131
1180,1103
1181,1181
1182,394
1183,1183
1184,1184
1185,395
1186,1186
1187,1187
1188,44
1189,368
1190,692
1191,319
1192,1097
1193,1193
1194,398
1195,1195
1196,1196
1197,133
1198,1105
1199,1199
1200,400
1201,1201
1202,1202
1203,401
1204,1204
1205,1205
1206,134
1207,1106
1208,1208
1209,403
1210,1210
1211,1211
1212,404
1213,1213
1214,1214
1215,5
1216,41
1217,71
1218,86
1219,122
1220,158
1221,167
1222,203
1223,215
1224,88
1225,284
1226,320
1227,329
1228,365
1229,401
1230,410
1231,446
1232,482
1233,137
1234,527
1235,563
1236,412
1237,608
1238,644
1239,413
1240,611
1241,647
1242,34
1243,310
1244,314
1245,277
1246,851
1247,887
1248,416
1249,932
1250,944
1251,115
1252,1013
1253,1043
1254,358
1255,1094
1256,1130
1257,419
1258,1175
1259,1211
1260,140
1261,1112
1262,1262
1263,421
1264,1264
1265,1265
1266,422
1267,1267
1268,1268
1269,47
1270,371
1271,557
1272,304
1273,1100
1274,1274
1275,425
1276,1276
1277,1277
1278,142
1279,1114
1280,1280
1281,385
1282,1282
1283,1283
1284,428
1285,1285
1286,1286
1287,143
1288,1115
1289,1289
1290,430
1291,1291
1292,1292
1293,431
1294,1294
1295,1295
1296,16
1297,124
1298,152
1299,259
1300,367
1301,457
1302,434
1303,446
1304,458
1305,97
1306,853
1307,881
1308,340
1309,1096
1310,1204
1311,437
1312,1312
1313,1313
1314,146
1315,1118
1316,1316
1317,421
1318,1318
1319,1319
1320,440
1321,1321
1322,1322
1323,43
1324,373
1325,395
1326,286
1327,1102
1328,1186
1329,443
1330,1175
1331,1187
1332,124
1333,1120
1334,1124
1335,367
1336,1336
1337,1337
1338,446
1339,1339
1340,1340
1341,149
1342,1121
1343,1343
1344,448
1345,1345
1346,1346
1347,449
1348,1348
1349,1349
1350,50
1351,374
1352,638
1353,313
1354,1103
1355,1355
1356,452
1357,1357
1358,1358
1359,151
1360,1123
1361,1361
1362,394
1363,1363
1364,1364
1365,455
1366,1366
1367,1367
1368,152
1369,1124
1370,1370
1371,457
1372,1372
1373,1373
1374,458
1375,1375
1376,1376
1377,17
1378,125
1379,233
1380,260
1381,368
1382,476
1383,461
1384,611
1385,701
1386,106
1387,854
1388,962
1389,349
1390,1097
1391,1205
1392,464
1393,1340
1394,1394
1395,155
1396,1127
1397,1397
1398,430
1399,1399
1400,1400
1401,467
1402,1402
1403,1403
1404,52
1405,376
1406,476
1407,295
1408,1105
1409,1409
1410,470
1411,1411
1412,1412
1413,133
1414,1129
1415,1205
1416,376
1417,1417
1418,1418
1419,473
1420,1420
1421,1421
1422,158
1423,1130
1424,1424
1425,457
1426,1426
1427,1427
1428,476
1429,1429
1430,1430
1431,53
1432,377
1433,701
1434,322
1435,1106
1436,1430
1437,479
1438,1438
1439,1439
1440,160
1441,1132
1442,1442
1443,403
1444,1444
1445,1445
1446,482
1447,1447
1448,1448
1449,161
1450,1133
1451,1451
1452,484
1453,1453
1454,1454
1455,485
1456,1456
1457,1457
1458,2
1459,14
1460,26
1461,29
1462,41
1463,53
1464,56
1465,68
1466,80
1467,83
1468,95
1469,107
1470,110
1471,122
1472,134
1473,137
1474,149
1475,161
1476,164
1477,176
1478,188
1479,167
1480,203
1481,215
1482,170
1483,206
1484,242
1485,29
1486,257
1487,269
1488,272
1489,284
1490,296
1491,299
1492,311
1493,323
1494,110
1495,338
1496,350
1497,353
1498,365
1499,377
1500,380
1501,392
1502,404
1503,167
1504,419
1505,431
1506,434
1507,446
1508,458
1509,461
1510,473
1511,485
1512,56
1513,380
1514,512
1515,299
1516,527
1517,539
1518,506
1519,554
1520,566
1521,137
1522,581
1523,593
1524,380
1525,608
1526,620
1527,509
1528,617
1529,647
1530,170
1531,602
1532,674
1533,461
1534,611
1535,701
1536,512
1537,620
1538,728
1539,11
1540,103
1541,107
1542,254
1543,310
1544,322
1545,299
1546,311
1547,323
1548,92
1549,824
1550,836
1551,335
1552,851
1553,863
1554,518
1555,878
1556,890
1557,173
1558,905
1559,917
1560,416
1561,932
1562,944
1563,521
1564,935
1565,971
1566,38
1567,346
1568,350
1569,281
1570,1013
1571,1025
1572,524
1573,1040
1574,1052
1575,119
1576,1067
1577,1079
1578,362
1579,1094
1580,1106
1581,527
1582,1121
1583,1133
1584,176
1585,1148
1586,1160
1587,443
1588,1175
1589,1187
1590,530
1591,1202
1592,1214
1593,59
1594,383
1595,593
1596,308
1597,1112
1598,1268
1599,533
1600,1283
1601,1295
1602,146
1603,1150
1604,1322
1605,389
1606,1337
1607,1349
1608,536
1609,1364
1610,1376
1611,179
1612,1151
1613,1403
1614,470
1615,1418
1616,1430
1617,539
1618,1445
1619,1457
1620,20
1621,128
1622,188
1623,263
1624,371
1625,479
1626,506
1627,554
1628,566
1629,101
1630,857
1631,917
1632,344
1633,1100
1634,1208
1635,545
1636,1343
1637,1451
1638,182
1639,1154
1640,1640
1641,425
1642,1642
1643,1643
1644,548
1645,1645
1646,1646
1647,47
1648,385
1649,431
1650,290
1651,1114
1652,1294
1653,533
1654,1283
1655,1295
1656,128
1657,1156
1658,1160
1659,371
1660,1660
1661,1661
1662,554
1663,1663
1664,1664
1665,185
1666,1157
1667,1667
1668,452
1669,1669
1670,1670
1671,557
1672,1672
1673,1673
1674,62
1675,386
1676,674
1677,317
1678,1115
1679,1439
1680,560
1681,1681
1682,1682
1683,155
1684,1159
1685,1403
1686,398
1687,1687
1688,1688
1689,563
1690,1690
1691,1691
1692,188
1693,1160
1694,1694
1695,479
1696,1696
1697,1697
1698,566
1699,1699
1700,1700
1701,5
1702,43
1703,53
1704,88
1705,124
1706,160
1707,137
1708,149
1709,161
1710,86
1711,286
1712,322
1713,329
1714,367
1715,403
1716,412
1717,448
1718,484
1719,167
1720,443
1721,479
1722,410
1723,446
1724,482
1725,413
1726,449
1727,485
1728,32
1729,292
1730,296
1731,275
1732,853
1733,889
1734,518
1735,878
1736,890
1737,113
1738,1015
1739,1025
1740,356
1741,1096
1742,1132
1743,581
1744,1177
1745,1213
1746,194
1747,1166
1748,1294
1749,437
1750,1339
1751,1375
1752,584
1753,1348
1754,1456
1755,59
1756,389
1757,539
1758,302
1759,1118
1760,1442
1761,545
1762,1343
1763,1451
1764,140
1765,1168
1766,1268
1767,383
1768,1337
1769,1445
1770,590
1771,1346
1772,1454
1773,197
1774,1169
1775,1439
1776,464
1777,1340
1778,1448
1779,593
1780,1349
1781,1457
1782,14
1783,130
1784,134
1785,257
1786,373
1787,403
1788,380
1789,392
1790,404
1791,95
1792,859
1793,863
1794,338
1795,1102
1796,1210
1797,581
1798,1177
1799,1213
1800,176
1801,1172
1802,1208
1803,419
1804,1175
1805,1211
1806,602
1807,1178
1808,1214
1809,41
1810,373
1811,377
1812,284
1813,1120
1814,1132
1815,527
1816,1121
1817,1133
1818,122
1819,1102
1820,1106
1821,365
1822,1822
1823,1823
1824,608
1825,1825
1826,1826
1827,203
1828,1175
1829,1829
1830,446
1831,1831
1832,1832
1833,611
1834,1834
1835,1835
1836,68
1837,392
1838,620
1839,311
1840,1121
1841,1445
1842,554
1843,1843
1844,1844
1845,149
1846,1177
1847,1349
1848,392
1849,1849
1850,1850
1851,617
1852,1852
1853,1853
1854,206
1855,1178
1856,1856
1857,473
1858,1858
1859,1859
1860,620
1861,1861
1862,1862
1863,23
1864,131
1865,215
1866,266
1867,374
1868,482
1869,509
1870,617
1871,647
1872,104
1873,860
1874,944
1875,347
1876,1103
1877,1211
1878,590
1879,1346
1880,1454
1881,185
1882,1181
1883,1673
1884,428
1885,1832
1886,1886
1887,629
1888,1888
1889,1889
1890,50
1891,394
1892,458
1893,293
1894,1123
1895,1375
1896,536
1897,1364
1898,1376
1899,131
1900,1183
1901,1187
1902,374
1903,1903
1904,1904
1905,617
1906,1906
1907,1907
1908,212
1909,1184
1910,1910
1911,455
1912,1912
1913,1913
1914,638
1915,1915
1916,1916
1917,71
1918,395
1919,701
1920,320
1921,1124
1922,1448
1923,563
1924,1853
1925,1925
1926,158
1927,1186
1928,1430
1929,401
1930,1930
1931,1931
1932,644
1933,1933
1934,1934
1935,215
1936,1187
1937,1937
1938,482
1939,1939
1940,1940
1941,647
1942,1942
1943,1943
1944,8
1945,44
1946,80
1947,89
1948,125
1949,161
1950,170
1951,206
1952,242
1953,89
1954,287
1955,323
1956,332
1957,368
1958,404
1959,413
1960,449
1961,485
1962,170
1963,530
1964,566
1965,413
1966,611
1967,647
1968,656
1969,692
1970,728
1971,35
1972,319
1973,323
1974,278
1975,854
1976,890
1977,521
1978,935
1979,971
1980,116
1981,1016
1982,1052
1983,359
1984,1097
1985,1133
1986,602
1987,1178
1988,1214
1989,197
1990,1193
1991,1295
1992,440
1993,1340
1994,1376
1995,665
1996,1421
1997,1457
1998,62
1999,398
2000,566
2001,305
2002,1127
2003,1451
2004,548
2005,1664
2006,1700
2007,143
2008,1195
2009,1295
2010,386
2011,1826
2012,1862
2013,629
2014,1907
2015,1943
2016,224
2017,1196
2018,2018
2019,467
2020,2020
2021,2021
2022,674
2023,2023
2024,2024
2025,17
2026,133
2027,161
2028,260
2029,376
2030,484
2031,461
2032,473
2033,485
2034,98
2035,862
2036,890
2037,341
2038,1105
2039,1213
2040,584
2041,1348
2042,1456
2043,179
2044,1199
2045,1451
2046,422
2047,1418
2048,1454
2049,665
2050,1421
2051,1457
2052,44
2053,400
2054,404
2055,287
2056,1129
2057,1213
2058,530
2059,1202
2060,1214
2061,125
2062,1129
2063,1133
2064,368
2065,2065
2066,2066
2067,611
2068,2068
2069,2069
2070,206
2071,1202
2072,1862
2073,449
2074,2074
2075,2075
2076,692
2077,2077
2078,2078
2079,71
2080,401
2081,647
2082,314
2083,1130
2084,1454
2085,557
2086,1859
2087,1943
2088,152
2089,1204
2090,1376
2091,395
2092,2092
2093,2093
2094,638
2095,2095
2096,2096
2097,233
2098,1205
2099,2099
2100,476
2101,2101
2102,2102
2103,701
2104,2104
2105,2105
2106,26
2107,134
2108,242
2109,269
2110,377
2111,485
2112,512
2113,620
2114,728
2115,107
2116,863
2117,971
2118,350
2119,1106
2120,1214
2121,593
2122,1349
2123,1457
2124,188
2125,1208
2126,1700
2127,431
2128,1835
2129,1943
2130,674
2131,2078
2132,2132
2133,53
2134,403
2135,485
2136,296
2137,1132
2138,1456
2139,539
2140,1445
2141,1457
2142,134
2143,1210
2144,1214
2145,377
2146,2146
2147,2147
2148,620
2149,2149
2150,2150
2151,215
2152,1211
2153,1943
2154,458
2155,2155
2156,2156
2157,701
2158,2158
2159,2159
2160,80
2161,404
2162,728
2163,323
2164,1133
2165,1457
2166,566
2167,1862
2168,2168
2169,161
2170,1213
2171,1457
2172,404
2173,2173
2174,2174
2175,647
2176,2176
2177,2177
2178,242
2179,1214
2180,2180
2181,485
2182,2182
2183,2183
2184,728
2185,2185
2186,2186
2187,1
2188,4
2189,5
2190,10
2191,13
2192,16
2193,11
2194,14
2195,17
2196,28
2197,31
2198,34
2199,31
2200,40
2201,43
2202,34
2203,43
2204,52
2205,29
2206,38
2207,47
2208,32
2209,41
2210,50
2211,35
2212,44
2213,53
2214,82
2215,85
2216,88
2217,91
2218,94
2219,97
2220,100
2221,103
2222,106
2223,85
2224,112
2225,115
2226,94
2227,121
2228,124
2229,103
2230,130
2231,133
2232,88
2233,115
2234,142
2235,97
2236,124
2237,151
2238,106
2239,133
2240,160
2241,83
2242,110
2243,137
2244,92
2245,119
2246,146
2247,101
2248,128
2249,155
2250,86
2251,113
2252,140
2253,95
2254,122
2255,149
2256,104
2257,131
2258,158
2259,89
2260,116
2261,143
2262,98
2263,125
2264,152
2265,107
2266,134
2267,161
2268,28
2269,85
2270,86
2271,253
2272,256
2273,259
2274,254
2275,257
2276,260
2277,253
2278,274
2279,277
2280,280
2281,283
2282,286
2283,289
2284,292
2285,295
2286,254
2287,301
2288,304
2289,289
2290,310
2291,313
2292,316
2293,319
2294,322
2295,85
2296,328
2297,329
2298,274
2299,337
2300,340
2301,301
2302,346
2303,349
2304,256
2305,337
2306,358
2307,283
2308,364
2309,367
2310,310
2311,373
2312,376
2313,257
2314,346
2315,385
2316,292
2317,373
2318,394
2319,319
2320,400
2321,403
2322,86
2323,329
2324,412
2325,277
2326,358
2327,421
2328,304
2329,385
2330,430
2331,259
2332,340
2333,421
2334,286
2335,367
2336,448
2337,313
2338,394
2339,457
2340,260
2341,349
2342,430
2343,295
2344,376
2345,457
2346,322
2347,403
2348,484
2349,29
2350,110
2351,167
2352,272
2353,353
2354,434
2355,299
2356,380
2357,461
2358,254
2359,335
2360,416
2361,281
2362,362
2363,443
2364,308
2365,389
2366,470
2367,263
2368,344
2369,425
2370,290
2371,371
2372,452
2373,317
2374,398
2375,479
2376,88
2377,329
2378,410
2379,275
2380,356
2381,437
2382,302
2383,383
2384,464
2385,257
2386,338
2387,419
2388,284
2389,365
2390,446
2391,311
2392,392
2393,473
2394,266
2395,347
2396,428
2397,293
2398,374
2399,455
2400,320
2401,401
2402,482
2403,89
2404,332
2405,413
2406,278
2407,359
2408,440
2409,305
2410,386
2411,467
2412,260
2413,341
2414,422
2415,287
2416,368
2417,449
2418,314
2419,395
2420,476
2421,269
2422,350
2423,431
2424,296
2425,377
2426,458
2427,323
2428,404
2429,485
2430,10
2431,31
2432,32
2433,91
2434,94
2435,97
2436,92
2437,95
2438,98
2439,253
2440,280
2441,289
2442,274
2443,283
2444,292
2445,277
2446,286
2447,295
2448,272
2449,281
2450,290
2451,275
2452,284
2453,293
2454,278
2455,287
2456,296
2457,91
2458,274
2459,275
2460,820
2461,823
2462,826
2463,821
2464,824
2465,827
2466,274
2467,841
2468,844
2469,823
2470,850
2471,853
2472,824
2473,859
2474,862
2475,275
2476,844
2477,871
2478,826
2479,853
2480,880
2481,827
2482,862
2483,889
2484,92
2485,335
2486,518
2487,821
2488,848
2489,875
2490,830
2491,857
2492,884
2493,277
2494,842
2495,869
2496,824
2497,851
2498,878
2499,833
2500,860
2501,887
2502,278
2503,845
2504,872
2505,827
2506,854
2507,881
2508,836
2509,863
2510,890
2511,31
2512,112
2513,113
2514,274
2515,337
2516,340
2517,335
2518,338
2519,341
2520,280
2521,841
2522,842
2523,841
2524,1012
2525,1015
2526,842
2527,1015
2528,1024
2529,281
2530,1010
2531,1019
2532,844
2533,1013
2534,1022
2535,845
2536,1016
2537,1025
2538,94
2539,337
2540,356
2541,823
2542,1066
2543,1069
2544,848
2545,1067
2546,1070
2547,283
2548,1012
2549,1085
2550,850
2551,1093
2552,1096
2553,851
2554,1102
2555,1105
2556,284
2557,1013
2558,1114
2559,853
2560,1120
2561,1123
2562,854
2563,1129
2564,1132
2565,95
2566,338
2567,581
2568,824
2569,1067
2570,1150
2571,857
2572,1156
2573,1159
2574,286
2575,1015
2576,1168
2577,859
2578,1102
2579,1177
2580,860
2581,1183
2582,1186
2583,287
2584,1016
2585,1195
2586,862
2587,1129
2588,1204
2589,863
2590,1210
2591,1213
2592,32
2593,113
2594,194
2595,275
2596,356
2597,437
2598,518
2599,581
2600,584
2601,289
2602,842
2603,923
2604,844
2605,1085
2606,1166
2607,869
2608,1168
2609,1267
2610,290
2611,1019
2612,1276
2613,871
2614,1114
2615,1285
2616,872
2617,1195
2618,1294
2619,97
2620,340
2621,437
2622,826
2623,1069
2624,1312
2625,875
2626,1150
2627,1313
2628,292
2629,1015
2630,1166
2631,853
2632,1096
2633,1339
2634,878
2635,1177
2636,1348
2637,293
2638,1022
2639,1285
2640,880
2641,1123
2642,1366
2643,881
2644,1204
2645,1375
2646,98
2647,341
2648,584
2649,827
2650,1070
2651,1313
2652,884
2653,1159
2654,1402
2655,295
2656,1024
2657,1267
2658,862
2659,1105
2660,1348
2661,887
2662,1186
2663,1429
2664,296
2665,1025
2666,1294
2667,889
2668,1132
2669,1375
2670,890
2671,1213
2672,1456
2673,11
2674,38
2675,59
2676,92
2677,119
2678,146
2679,173
2680,176
2681,179
2682,254
2683,281
2684,308
2685,335
2686,362
2687,389
2688,416
2689,443
2690,470
2691,299
2692,524
2693,533
2694,518
2695,527
2696,536
2697,521
2698,530
2699,539
2700,100
2701,301
2702,302
2703,821
2704,848
2705,875
2706,902
2707,905
2708,908
2709,301
2710,1010
2711,1031
2712,848
2713,1091
2714,1118
2715,905
2716,1172
2717,1199
2718,302
2719,1031
2720,1280
2721,875
2722,1118
2723,1361
2724,908
2725,1199
2726,1442
2727,101
2728,344
2729,545
2730,830
2731,1073
2732,1316
2733,911
2734,1154
2735,1397
2736,304
2737,1019
2738,1262
2739,857
2740,1100
2741,1343
2742,914
2743,1181
2744,1424
2745,305
2746,1034
2747,1289
2748,884
2749,1127
2750,1370
2751,917
2752,1208
2753,1451
2754,34
2755,115
2756,140
2757,277
2758,358
2759,421
2760,416
2761,419
2762,422
2763,289
2764,844
2765,869
2766,842
2767,1085
2768,1168
2769,923
2770,1166
2771,1267
2772,308
2773,1031
2774,1262
2775,869
2776,1112
2777,1265
2778,926
2779,1193
2780,1268
2781,103
2782,346
2783,383
2784,824
2785,1067
2786,1150
2787,905
2788,1148
2789,1151
2790,310
2791,1013
2792,1112
2793,851
2794,1094
2795,1337
2796,932
2797,1175
2798,1418
2799,311
2800,1040
2801,1283
2802,878
2803,1121
2804,1364
2805,935
2806,1202
2807,1445
2808,104
2809,347
2810,590
2811,833
2812,1076
2813,1319
2814,914
2815,1157
2816,1400
2817,313
2818,1022
2819,1265
2820,860
2821,1103
2822,1346
2823,941
2824,1184
2825,1427
2826,314
2827,1043
2828,1292
2829,887
2830,1130
2831,1373
2832,944
2833,1211
2834,1454
2835,35
2836,116
2837,197
2838,278
2839,359
2840,440
2841,521
2842,602
2843,665
2844,316
2845,845
2846,926
2847,845
2848,1088
2849,1169
2850,926
2851,1169
2852,1412
2853,317
2854,1034
2855,1277
2856,872
2857,1115
2858,1358
2859,953
2860,1196
2861,1439
2862,106
2863,349
2864,464
2865,827
2866,1070
2867,1313
2868,908
2869,1151
2870,1394
2871,319
2872,1016
2873,1193
2874,854
2875,1097
2876,1340
2877,935
2878,1178
2879,1421
2880,320
2881,1043
2882,1286
2883,881
2884,1124
2885,1367
2886,962
2887,1205
2888,1448
2889,107
2890,350
2891,593
2892,836
2893,1079
2894,1322
2895,917
2896,1160
2897,1403
2898,322
2899,1025
2900,1268
2901,863
2902,1106
2903,1349
2904,944
2905,1187
2906,1430
2907,323
2908,1052
2909,1295
2910,890
2911,1133
2912,1376
2913,971
2914,1214
2915,1457
2916,4
2917,13
2918,14
2919,31
2920,40
2921,43
2922,38
2923,41
2924,44
2925,85
2926,94
2927,103
2928,112
2929,121
2930,130
2931,115
2932,124
2933,133
2934,110
2935,119
2936,128
2937,113
2938,122
2939,131
2940,116
2941,125
2942,134
2943,85
2944,256
2945,257
2946,274
2947,283
2948,292
2949,301
2950,310
2951,319
2952,328
2953,337
2954,346
2955,337
2956,364
2957,373
2958,346
2959,373
2960,400
2961,329
2962,358
2963,385
2964,340
2965,367
2966,394
2967,349
2968,376
2969,403
2970,110
2971,353
2972,380
2973,335
2974,362
2975,389
2976,344
2977,371
2978,398
2979,329
2980,356
2981,383
2982,338
2983,365
2984,392
2985,347
2986,374
2987,401
2988,332
2989,359
2990,386
2991,341
2992,368
2993,395
2994,350
2995,377
2996,404
2997,31
2998,94
2999,95
3000,280
3001,283
3002,286
3003,281
3004,284
3005,287
3006,274
3007,823
3008,824
3009,841
3010,850
3011,859
3012,844
3013,853
3014,862
3015,335
3016,848
3017,857
3018,842
3019,851
3020,860
3021,845
3022,854
3023,863
3024,112
3025,337
3026,338
3027,841
3028,1012
3029,1015
3030,1010
3031,1013
3032,1016
3033,337
3034,1066
3035,1067
3036,1012
3037,1093
3038,1102
3039,1013
3040,1120
3041,1129
3042,338
3043,1067
3044,1156
3045,1015
3046,1102
3047,1183
3048,1016
3049,1129
3050,1210
3051,113
3052,356
3053,581
3054,842
3055,1085
3056,1168
3057,1019
3058,1114
3059,1195
3060,340
3061,1069
3062,1150
3063,1015
3064,1096
3065,1177
3066,1022
3067,1123
3068,1204
3069,341
3070,1070
3071,1159
3072,1024
3073,1105
3074,1186
3075,1025
3076,1132
3077,1213
3078,38
3079,119
3080,176
3081,281
3082,362
3083,443
3084,524
3085,527
3086,530
3087,301
3088,848
3089,905
3090,1010
3091,1091
3092,1172
3093,1031
3094,1118
3095,1199
3096,344
3097,1073
3098,1154
3099,1019
3100,1100
3101,1181
3102,1034
3103,1127
3104,1208
3105,115
3106,358
3107,419
3108,844
3109,1085
3110,1166
3111,1031
3112,1112
3113,1193
3114,346
3115,1067
3116,1148
3117,1013
3118,1094
3119,1175
3120,1040
3121,1121
3122,1202
3123,347
3124,1076
3125,1157
3126,1022
3127,1103
3128,1184
3129,1043
3130,1130
3131,1211
3132,116
3133,359
3134,602
3135,845
3136,1088
3137,1169
3138,1034
3139,1115
3140,1196
3141,349
3142,1070
3143,1151
3144,1016
3145,1097
3146,1178
3147,1043
3148,1124
3149,1205
3150,350
3151,1079
3152,1160
3153,1025
3154,1106
3155,1187
3156,1052
3157,1133
3158,1214
3159,13
3160,40
3161,41
3162,94
3163,121
3164,124
3165,119
3166,122
3167,125
3168,256
3169,283
3170,310
3171,337
3172,364
3173,373
3174,358
3175,367
3176,376
3177,353
3178,362
3179,371
3180,356
3181,365
3182,374
3183,359
3184,368
3185,377
3186,94
3187,283
3188,284
3189,823
3190,850
3191,853
3192,848
3193,851
3194,854
3195,337
3196,1012
3197,1013
3198,1066
3199,1093
3200,1120
3201,1067
3202,1102
3203,1129
3204,356
3205,1085
3206,1114
3207,1069
3208,1096
3209,1123
3210,1070
3211,1105
3212,1132
3213,119
3214,362
3215,527
3216,848
3217,1091
3218,1118
3219,1073
3220,1100
3221,1127
3222,358
3223,1085
3224,1112
3225,1067
3226,1094
3227,1121
3228,1076
3229,1103
3230,1130
3231,359
3232,1088
3233,1115
3234,1070
3235,1097
3236,1124
3237,1079
3238,1106
3239,1133
3240,40
3241,121
3242,122
3243,283
3244,364
3245,367
3246,362
3247,365
3248,368
3249,283
3250,850
3251,851
3252,1012
3253,1093
3254,1102
3255,1085
3256,1096
3257,1105
3258,362
3259,1091
3260,1100
3261,1085
3262,1094
3263,1103
3264,1088
3265,1097
3266,1106
3267,121
3268,364
3269,365
3270,850
3271,1093
3272,1096
3273,1091
3274,1094
3275,1097
3276,364
3277,1093
3278,1094
3279,1093
3280,3280
3281,3281
3282,1094
3283,3281
3284,3284
3285,365
3286,1094
3287,1823
3288,1096
3289,3281
3290,3290
3291,1097
3292,3284
3293,3293
3294,122
3295,365
3296,608
3297,851
3298,1094
3299,1337
3300,1100
3301,1823
3302,1826
3303,367
3304,1096
3305,1337
3306,1102
3307,3281
3308,3308
3309,1103
3310,3290
3311,3311
3312,368
3313,1097
3314,1826
3315,1105
3316,3284
3317,3311
3318,1106
3319,3293
3320,3320
3321,41
3322,122
3323,203
3324,284
3325,365
3326,446
3327,527
3328,608
3329,611
3330,310
3331,851
3332,932
3333,1013
3334,1094
3335,1175
3336,1112
3337,1337
3338,1418
3339,371
3340,1100
3341,1661
3342,1114
3343,1823
3344,1832
3345,1115
3346,1826
3347,1835
3348,124
3349,367
3350,446
3351,853
3352,1096
3353,1339
3354,1118
3355,1337
3356,1340
3357,373
3358,1102
3359,1175
3360,1120
3361,3281
3362,3362
3363,1121
3364,3308
3365,3365
3366,374
3367,1103
3368,1832
3369,1123
3370,3290
3371,3371
3372,1124
3373,3311
3374,3374
3375,125
3376,368
3377,611
3378,854
3379,1097
3380,1340
3381,1127
3382,1826
3383,2069
3384,376
3385,1105
3386,1418
3387,1129
3388,3284
3389,3365
3390,1130
3391,3311
3392,3392
3393,377
3394,1106
3395,1835
3396,1132
3397,3293
3398,3374
3399,1133
3400,3320
3401,3401
3402,14
3403,41
3404,68
3405,95
3406,122
3407,149
3408,176
3409,203
3410,206
3411,257
3412,284
3413,311
3414,338
3415,365
3416,392
3417,419
3418,446
3419,473
3420,380
3421,527
3422,554
3423,581
3424,608
3425,617
3426,602
3427,611
3428,620
3429,103
3430,310
3431,311
3432,824
3433,851
3434,878
3435,905
3436,932
3437,935
3438,346
3439,1013
3440,1040
3441,1067
3442,1094
3443,1121
3444,1148
3445,1175
3446,1202
3447,383
3448,1112
3449,1283
3450,1150
3451,1337
3452,1364
3453,1151
3454,1418
3455,1445
3456,128
3457,371
3458,554
3459,857
3460,1100
3461,1343
3462,1154
3463,1661
3464,1664
3465,385
3466,1114
3467,1283
3468,1156
3469,1823
3470,1850
3471,1157
3472,1832
3473,1859
3474,386
3475,1115
3476,1844
3477,1159
3478,1826
3479,1853
3480,1160
3481,1835
3482,1862
3483,43
3484,124
3485,149
3486,286
3487,367
3488,448
3489,443
3490,446
3491,449
3492,292
3493,853
3494,878
3495,1015
3496,1096
3497,1177
3498,1166
3499,1339
3500,1348
3501,389
3502,1118
3503,1343
3504,1168
3505,1337
3506,1346
3507,1169
3508,1340
3509,1349
3510,130
3511,373
3512,392
3513,859
3514,1102
3515,1177
3516,1172
3517,1175
3518,1178
3519,373
3520,1120
3521,1121
3522,1102
3523,3281
3524,3308
3525,1175
3526,3362
3527,3365
3528,392
3529,1121
3530,1850
3531,1177
3532,3308
3533,3533
3534,1178
3535,3365
3536,3536
3537,131
3538,374
3539,617
3540,860
3541,1103
3542,1346
3543,1181
3544,1832
3545,1907
3546,394
3547,1123
3548,1364
3549,1183
3550,3290
3551,3533
3552,1184
3553,3371
3554,3554
3555,395
3556,1124
3557,1853
3558,1186
3559,3311
3560,3560
3561,1187
3562,3374
3563,3563
3564,44
3565,125
3566,206
3567,287
3568,368
3569,449
3570,530
3571,611
3572,692
3573,319
3574,854
3575,935
3576,1016
3577,1097
3578,1178
3579,1193
3580,1340
3581,1421
3582,398
3583,1127
3584,1664
3585,1195
3586,1826
3587,1907
3588,1196
3589,2069
3590,2078
3591,133
3592,376
3593,473
3594,862
3595,1105
3596,1348
3597,1199
3598,1418
3599,1421
3600,400
3601,1129
3602,1202
3603,1129
3604,3284
3605,3365
3606,1202
3607,3365
3608,3608
3609,401
3610,1130
3611,1859
3612,1204
3613,3311
3614,3554
3615,1205
3616,3392
3617,3617
3618,134
3619,377
3620,620
3621,863
3622,1106
3623,1349
3624,1208
3625,1835
3626,2078
3627,403
3628,1132
3629,1445
3630,1210
3631,3293
3632,3536
3633,1211
3634,3374
3635,3617
3636,404
3637,1133
3638,1862
3639,1213
3640,3320
3641,3563
3642,1214
3643,3401
3644,3644
3645,5
3646,14
3647,23
3648,32
3649,41
3650,50
3651,59
3652,68
3653,71
3654,86
3655,95
3656,104
3657,113
3658,122
3659,131
3660,140
3661,149
3662,158
3663,167
3664,176
3665,185
3666,194
3667,203
3668,212
3669,197
3670,206
3671,215
3672,88
3673,257
3674,266
3675,275
3676,284
3677,293
3678,302
3679,311
3680,320
3681,329
3682,338
3683,347
3684,356
3685,365
3686,374
3687,383
3688,392
3689,401
3690,410
3691,419
3692,428
3693,437
3694,446
3695,455
3696,464
3697,473
3698,482
3699,137
3700,380
3701,509
3702,518
3703,527
3704,536
3705,545
3706,554
3707,563
3708,412
3709,581
3710,590
3711,581
3712,608
3713,617
3714,590
3715,617
3716,644
3717,413
3718,602
3719,629
3720,584
3721,611
3722,638
3723,593
3724,620
3725,647
3726,34
3727,103
3728,104
3729,289
3730,310
3731,313
3732,308
3733,311
3734,314
3735,277
3736,824
3737,833
3738,842
3739,851
3740,860
3741,869
3742,878
3743,887
3744,416
3745,905
3746,914
3747,923
3748,932
3749,941
3750,926
3751,935
3752,944
3753,115
3754,346
3755,347
3756,844
3757,1013
3758,1022
3759,1031
3760,1040
3761,1043
3762,358
3763,1067
3764,1076
3765,1085
3766,1094
3767,1103
3768,1112
3769,1121
3770,1130
3771,419
3772,1148
3773,1157
3774,1166
3775,1175
3776,1184
3777,1193
3778,1202
3779,1211
3780,140
3781,383
3782,590
3783,869
3784,1112
3785,1265
3786,1262
3787,1283
3788,1292
3789,421
3790,1150
3791,1319
3792,1168
3793,1337
3794,1346
3795,1265
3796,1364
3797,1373
3798,422
3799,1151
3800,1400
3801,1267
3802,1418
3803,1427
3804,1268
3805,1445
3806,1454
3807,47
3808,128
3809,185
3810,290
3811,371
3812,452
3813,533
3814,554
3815,557
3816,304
3817,857
3818,914
3819,1019
3820,1100
3821,1181
3822,1262
3823,1343
3824,1424
3825,425
3826,1154
3827,1643
3828,1276
3829,1661
3830,1670
3831,1277
3832,1664
3833,1673
3834,142
3835,385
3836,428
3837,871
3838,1114
3839,1285
3840,1280
3841,1283
3842,1286
3843,385
3844,1156
3845,1157
3846,1114
3847,1823
3848,1832
3849,1283
3850,1850
3851,1859
3852,428
3853,1157
3854,1886
3855,1285
3856,1832
3857,1913
3858,1286
3859,1859
3860,1940
3861,143
3862,386
3863,629
3864,872
3865,1115
3866,1358
3867,1289
3868,1844
3869,1925
3870,430
3871,1159
3872,1400
3873,1195
3874,1826
3875,1907
3876,1292
3877,1853
3878,1934
3879,431
3880,1160
3881,1889
3882,1294
3883,1835
3884,1916
3885,1295
3886,1862
3887,1943
3888,16
3889,43
3890,50
3891,97
3892,124
3893,151
3894,146
3895,149
3896,152
3897,259
3898,286
3899,313
3900,340
3901,367
3902,394
3903,421
3904,448
3905,457
3906,434
3907,443
3908,452
3909,437
3910,446
3911,455
3912,440
3913,449
3914,458
3915,97
3916,292
3917,293
3918,826
3919,853
3920,880
3921,875
3922,878
3923,881
3924,340
3925,1015
3926,1022
3927,1069
3928,1096
3929,1123
3930,1150
3931,1177
3932,1204
3933,437
3934,1166
3935,1285
3936,1312
3937,1339
3938,1366
3939,1313
3940,1348
3941,1375
3942,146
3943,389
3944,536
3945,875
3946,1118
3947,1361
3948,1316
3949,1343
3950,1370
3951,421
3952,1168
3953,1265
3954,1150
3955,1337
3956,1364
3957,1319
3958,1346
3959,1373
3960,440
3961,1169
3962,1358
3963,1313
3964,1340
3965,1367
3966,1322
3967,1349
3968,1376
3969,43
3970,130
3971,131
3972,292
3973,373
3974,394
3975,389
3976,392
3977,395
3978,286
3979,859
3980,860
3981,1015
3982,1102
3983,1183
3984,1168
3985,1177
3986,1186
3987,443
3988,1172
3989,1181
3990,1166
3991,1175
3992,1184
3993,1169
3994,1178
3995,1187
3996,124
3997,373
3998,374
3999,853
4000,1120
4001,1123
4002,1118
4003,1121
4004,1124
4005,367
4006,1102
4007,1103
4008,1096
4009,3281
4010,3290
4011,1337
4012,3308
4013,3311
4014,446
4015,1175
4016,1832
4017,1339
4018,3362
4019,3371
4020,1340
4021,3365
4022,3374
4023,149
4024,392
4025,617
4026,878
4027,1121
4028,1364
4029,1343
4030,1850
4031,1853
4032,448
4033,1177
4034,1346
4035,1177
4036,3308
4037,3533
4038,1346
4039,3533
4040,3560
4041,449
4042,1178
4043,1907
4044,1348
4045,3365
4046,3554
4047,1349
4048,3536
4049,3563
4050,50
4051,131
4052,212
4053,293
4054,374
4055,455
4056,536
4057,617
4058,638
4059,313
4060,860
4061,941
4062,1022
4063,1103
4064,1184
4065,1265
4066,1346
4067,1427
4068,452
4069,1181
4070,1670
4071,1285
4072,1832
4073,1913
4074,1358
4075,1907
4076,1916
4077,151
4078,394
4079,455
4080,880
4081,1123
4082,1366
4083,1361
4084,1364
4085,1367
4086,394
4087,1183
4088,1184
4089,1123
4090,3290
4091,3371
4092,1364
4093,3533
4094,3554
4095,455
4096,1184
4097,1913
4098,1366
4099,3371
4100,4100
4101,1367
4102,3554
4103,4103
4104,152
4105,395
4106,638
4107,881
4108,1124
4109,1367
4110,1370
4111,1853
4112,2096
4113,457
4114,1186
4115,1427
4116,1204
4117,3311
4118,3554
4119,1373
4120,3560
4121,4121
4122,458
4123,1187
4124,1916
4125,1375
4126,3374
4127,4103
4128,1376
4129,3563
4130,4130
4131,17
4132,44
4133,71
4134,98
4135,125
4136,152
4137,179
4138,206
4139,233
4140,260
4141,287
4142,314
4143,341
4144,368
4145,395
4146,422
4147,449
4148,476
4149,461
4150,530
4151,557
4152,584
4153,611
4154,638
4155,665
4156,692
4157,701
4158,106
4159,319
4160,320
4161,827
4162,854
4163,881
4164,908
4165,935
4166,962
4167,349
4168,1016
4169,1043
4170,1070
4171,1097
4172,1124
4173,1151
4174,1178
4175,1205
4176,464
4177,1193
4178,1286
4179,1313
4180,1340
4181,1367
4182,1394
4183,1421
4184,1448
4185,155
4186,398
4187,563
4188,884
4189,1127
4190,1370
4191,1397
4192,1664
4193,1691
4194,430
4195,1195
4196,1292
4197,1159
4198,1826
4199,1853
4200,1400
4201,1907
4202,1934
4203,467
4204,1196
4205,1925
4206,1402
4207,2069
4208,2096
4209,1403
4210,2078
4211,2105
4212,52
4213,133
4214,158
4215,295
4216,376
4217,457
4218,470
4219,473
4220,476
4221,295
4222,862
4223,887
4224,1024
4225,1105
4226,1186
4227,1267
4228,1348
4229,1429
4230,470
4231,1199
4232,1424
4233,1267
4234,1418
4235,1427
4236,1412
4237,1421
4238,1430
4239,133
4240,400
4241,401
4242,862
4243,1129
4244,1204
4245,1199
4246,1202
4247,1205
4248,376
4249,1129
4250,1130
4251,1105
4252,3284
4253,3311
4254,1418
4255,3365
4256,3392
4257,473
4258,1202
4259,1859
4260,1348
4261,3365
4262,3554
4263,1421
4264,3608
4265,3617
4266,158
4267,401
4268,644
4269,887
4270,1130
4271,1373
4272,1424
4273,1859
4274,1934
4275,457
4276,1204
4277,1373
4278,1186
4279,3311
4280,3560
4281,1427
4282,3554
4283,4121
4284,476
4285,1205
4286,1934
4287,1429
4288,3392
4289,4121
4290,1430
4291,3617
4292,4292
4293,53
4294,134
4295,215
4296,296
4297,377
4298,458
4299,539
4300,620
4301,701
4302,322
4303,863
4304,944
4305,1025
4306,1106
4307,1187
4308,1268
4309,1349
4310,1430
4311,479
4312,1208
4313,1673
4314,1294
4315,1835
4316,1916
4317,1439
4318,2078
4319,2159
4320,160
4321,403
4322,482
4323,889
4324,1132
4325,1375
4326,1442
4327,1445
4328,1448
4329,403
4330,1210
4331,1211
4332,1132
4333,3293
4334,3374
4335,1445
4336,3536
4337,3617
4338,482
4339,1211
4340,1940
4341,1375
4342,3374
4343,4103
4344,1448
4345,3617
4346,4346
4347,161
4348,404
4349,647
4350,890
4351,1133
4352,1376
4353,1451
4354,1862
4355,2105
4356,484
4357,1213
4358,1454
4359,1213
4360,3320
4361,3563
4362,1454
4363,3563
4364,4292
4365,485
4366,1214
4367,1943
4368,1456
4369,3401
4370,4130
4371,1457
4372,3644
4373,4373
4374,2
4375,5
4376,8
4377,11
4378,14
4379,17
4380,20
4381,23
4382,26
4383,29
4384,32
4385,35
4386,38
4387,41
4388,44
4389,47
4390,50
4391,53
4392,56
4393,59
4394,62
4395,59
4396,68
4397,71
4398,62
4399,71
4400,80
4401,83
4402,86
4403,89
4404,92
4405,95
4406,98
4407,101
4408,104
4409,107
4410,110
4411,113
4412,116
4413,119
4414,122
4415,125
4416,128
4417,131
4418,134
4419,137
4420,140
4421,143
4422,146
4423,149
4424,152
4425,155
4426,158
4427,161
4428,164
4429,167
4430,170
4431,173
4432,176
4433,179
4434,182
4435,185
4436,188
4437,167
4438,194
4439,197
4440,176
4441,203
4442,206
4443,185
4444,212
4445,215
4446,170
4447,197
4448,224
4449,179
4450,206
4451,233
4452,188
4453,215
4454,242
4455,29
4456,88
4457,89
4458,254
4459,257
4460,260
4461,263
4462,266
4463,269
4464,272
4465,275
4466,278
4467,281
4468,284
4469,287
4470,290
4471,293
4472,296
4473,299
4474,302
4475,305
4476,308
4477,311
4478,314
4479,317
4480,320
4481,323
4482,110
4483,329
4484,332
4485,335
4486,338
4487,341
4488,344
4489,347
4490,350
4491,353
4492,356
4493,359
4494,362
4495,365
4496,368
4497,371
4498,374
4499,377
4500,380
4501,383
4502,386
4503,389
4504,392
4505,395
4506,398
4507,401
4508,404
4509,167
4510,410
4511,413
4512,416
4513,419
4514,422
4515,425
4516,428
4517,431
4518,434
4519,437
4520,440
4521,443
4522,446
4523,449
4524,452
4525,455
4526,458
4527,461
4528,464
4529,467
4530,470
4531,473
4532,476
4533,479
4534,482
4535,485
4536,56
4537,137
4538,170
4539,299
4540,380
4541,461
4542,506
4543,509
4544,512
4545,299
4546,518
4547,521
4548,524
4549,527
4550,530
4551,533
4552,536
4553,539
4554,506
4555,545
4556,548
4557,533
4558,554
4559,557
4560,560
4561,563
4562,566
4563,137
4564,412
4565,413
4566,518
4567,581
4568,584
4569,545
4570,590
4571,593
4572,380
4573,581
4574,602
4575,527
4576,608
4577,611
4578,554
4579,617
4580,620
4581,509
4582,590
4583,629
4584,536
4585,617
4586,638
4587,563
4588,644
4589,647
4590,170
4591,413
4592,656
4593,521
4594,602
4595,665
4596,548
4597,629
4598,674
4599,461
4600,584
4601,665
4602,530
4603,611
4604,692
4605,557
4606,638
4607,701
4608,512
4609,593
4610,674
4611,539
4612,620
4613,701
4614,566
4615,647
4616,728
4617,11
4618,34
4619,35
4620,100
4621,103
4622,106
4623,101
4624,104
4625,107
4626,254
4627,289
4628,316
4629,301
4630,310
4631,319
4632,304
4633,313
4634,322
4635,299
4636,308
4637,317
4638,302
4639,311
4640,320
4641,305
4642,314
4643,323
4644,92
4645,277
4646,278
4647,821
4648,824
4649,827
4650,830
4651,833
4652,836
4653,335
4654,842
4655,845
4656,848
4657,851
4658,854
4659,857
4660,860
4661,863
4662,518
4663,869
4664,872
4665,875
4666,878
4667,881
4668,884
4669,887
4670,890
4671,173
4672,416
4673,521
4674,902
4675,905
4676,908
4677,911
4678,914
4679,917
4680,416
4681,923
4682,926
4683,905
4684,932
4685,935
4686,914
4687,941
4688,944
4689,521
4690,926
4691,953
4692,908
4693,935
4694,962
4695,917
4696,944
4697,971
4698,38
4699,115
4700,116
4701,301
4702,346
4703,349
4704,344
4705,347
4706,350
4707,281
4708,844
4709,845
4710,1010
4711,1013
4712,1016
4713,1019
4714,1022
4715,1025
4716,524
4717,1031
4718,1034
4719,1031
4720,1040
4721,1043
4722,1034
4723,1043
4724,1052
4725,119
4726,358
4727,359
4728,848
4729,1067
4730,1070
4731,1073
4732,1076
4733,1079
4734,362
4735,1085
4736,1088
4737,1091
4738,1094
4739,1097
4740,1100
4741,1103
4742,1106
4743,527
4744,1112
4745,1115
4746,1118
4747,1121
4748,1124
4749,1127
4750,1130
4751,1133
4752,176
4753,419
4754,602
4755,905
4756,1148
4757,1151
4758,1154
4759,1157
4760,1160
4761,443
4762,1166
4763,1169
4764,1172
4765,1175
4766,1178
4767,1181
4768,1184
4769,1187
4770,530
4771,1193
4772,1196
4773,1199
4774,1202
4775,1205
4776,1208
4777,1211
4778,1214
4779,59
4780,140
4781,197
4782,302
4783,383
4784,464
4785,545
4786,590
4787,593
4788,308
4789,869
4790,926
4791,1031
4792,1112
4793,1193
4794,1262
4795,1265
4796,1268
4797,533
4798,1262
4799,1277
4800,1280
4801,1283
4802,1286
4803,1289
4804,1292
4805,1295
4806,146
4807,421
4808,440
4809,875
4810,1150
4811,1313
4812,1316
4813,1319
4814,1322
4815,389
4816,1168
4817,1169
4818,1118
4819,1337
4820,1340
4821,1343
4822,1346
4823,1349
4824,536
4825,1265
4826,1358
4827,1361
4828,1364
4829,1367
4830,1370
4831,1373
4832,1376
4833,179
4834,422
4835,665
4836,908
4837,1151
4838,1394
4839,1397
4840,1400
4841,1403
4842,470
4843,1267
4844,1412
4845,1199
4846,1418
4847,1421
4848,1424
4849,1427
4850,1430
4851,539
4852,1268
4853,1439
4854,1442
4855,1445
4856,1448
4857,1451
4858,1454
4859,1457
4860,20
4861,47
4862,62
4863,101
4864,128
4865,155
4866,182
4867,185
4868,188
4869,263
4870,290
4871,317
4872,344
4873,371
4874,398
4875,425
4876,452
4877,479
4878,506
4879,533
4880,560
4881,545
4882,554
4883,563
4884,548
4885,557
4886,566
4887,101
4888,304
4889,305
4890,830
4891,857
4892,884
4893,911
4894,914
4895,917
4896,344
4897,1019
4898,1034
4899,1073
4900,1100
4901,1127
4902,1154
4903,1181
4904,1208
4905,545
4906,1262
4907,1289
4908,1316
4909,1343
4910,1370
4911,1397
4912,1424
4913,1451
4914,182
4915,425
4916,548
4917,911
4918,1154
4919,1397
4920,1640
4921,1643
4922,1646
4923,425
4924,1276
4925,1277
4926,1154
4927,1661
4928,1664
4929,1643
4930,1670
4931,1673
4932,548
4933,1277
4934,1682
4935,1397
4936,1664
4937,1691
4938,1646
4939,1673
4940,1700
4941,47
4942,142
4943,143
4944,304
4945,385
4946,430
4947,425
4948,428
4949,431
4950,290
4951,871
4952,872
4953,1019
4954,1114
4955,1195
4956,1276
4957,1285
4958,1294
4959,533
4960,1280
4961,1289
4962,1262
4963,1283
4964,1292
4965,1277
4966,1286
4967,1295
4968,128
4969,385
4970,386
4971,857
4972,1156
4973,1159
4974,1154
4975,1157
4976,1160
4977,371
4978,1114
4979,1115
4980,1100
4981,1823
4982,1826
4983,1661
4984,1832
4985,1835
4986,554
4987,1283
4988,1844
4989,1343
4990,1850
4991,1853
4992,1664
4993,1859
4994,1862
4995,185
4996,428
4997,629
4998,914
4999,1157
5000,1400
5001,1643
5002,1886
5003,1889
5004,452
5005,1285
5006,1358
5007,1181
5008,1832
5009,1907
5010,1670
5011,1913
5012,1916
5013,557
5014,1286
5015,1925
5016,1424
5017,1859
5018,1934
5019,1673
5020,1940
5021,1943
5022,62
5023,143
5024,224
5025,305
5026,386
5027,467
5028,548
5029,629
5030,674
5031,317
5032,872
5033,953
5034,1034
5035,1115
5036,1196
5037,1277
5038,1358
5039,1439
5040,560
5041,1289
5042,1682
5043,1289
5044,1844
5045,1925
5046,1682
5047,1925
5048,2024
5049,155
5050,430
5051,467
5052,884
5053,1159
5054,1402
5055,1397
5056,1400
5057,1403
5058,398
5059,1195
5060,1196
5061,1127
5062,1826
5063,2069
5064,1664
5065,1907
5066,2078
5067,563
5068,1292
5069,1925
5070,1370
5071,1853
5072,2096
5073,1691
5074,1934
5075,2105
5076,188
5077,431
5078,674
5079,917
5080,1160
5081,1403
5082,1646
5083,1889
5084,2132
5085,479
5086,1294
5087,1439
5088,1208
5089,1835
5090,2078
5091,1673
5092,1916
5093,2159
5094,566
5095,1295
5096,2024
5097,1451
5098,1862
5099,2105
5100,1700
5101,1943
5102,2186
5103,5
5104,16
5105,17
5106,34
5107,43
5108,52
5109,47
5110,50
5111,53
5112,88
5113,97
5114,106
5115,115
5116,124
5117,133
5118,142
5119,151
5120,160
5121,137
5122,146
5123,155
5124,140
5125,149
5126,158
5127,143
5128,152
5129,161
5130,86
5131,259
5132,260
5133,277
5134,286
5135,295
5136,304
5137,313
5138,322
5139,329
5140,340
5141,349
5142,358
5143,367
5144,376
5145,385
5146,394
5147,403
5148,412
5149,421
5150,430
5151,421
5152,448
5153,457
5154,430
5155,457
5156,484
5157,167
5158,434
5159,461
5160,416
5161,443
5162,470
5163,425
5164,452
5165,479
5166,410
5167,437
5168,464
5169,419
5170,446
5171,473
5172,428
5173,455
5174,482
5175,413
5176,440
5177,467
5178,422
5179,449
5180,476
5181,431
5182,458
5183,485
5184,32
5185,97
5186,98
5187,289
5188,292
5189,295
5190,290
5191,293
5192,296
5193,275
5194,826
5195,827
5196,844
5197,853
5198,862
5199,871
5200,880
5201,889
5202,518
5203,875
5204,884
5205,869
5206,878
5207,887
5208,872
5209,881
5210,890
5211,113
5212,340
5213,341
5214,842
5215,1015
5216,1024
5217,1019
5218,1022
5219,1025
5220,356
5221,1069
5222,1070
5223,1085
5224,1096
5225,1105
5226,1114
5227,1123
5228,1132
5229,581
5230,1150
5231,1159
5232,1168
5233,1177
5234,1186
5235,1195
5236,1204
5237,1213
5238,194
5239,437
5240,584
5241,923
5242,1166
5243,1267
5244,1276
5245,1285
5246,1294
5247,437
5248,1312
5249,1313
5250,1166
5251,1339
5252,1348
5253,1285
5254,1366
5255,1375
5256,584
5257,1313
5258,1402
5259,1267
5260,1348
5261,1429
5262,1294
5263,1375
5264,1456
5265,59
5266,146
5267,179
5268,308
5269,389
5270,470
5271,533
5272,536
5273,539
5274,302
5275,875
5276,908
5277,1031
5278,1118
5279,1199
5280,1280
5281,1361
5282,1442
5283,545
5284,1316
5285,1397
5286,1262
5287,1343
5288,1424
5289,1289
5290,1370
5291,1451
5292,140
5293,421
5294,422
5295,869
5296,1168
5297,1267
5298,1262
5299,1265
5300,1268
5301,383
5302,1150
5303,1151
5304,1112
5305,1337
5306,1418
5307,1283
5308,1364
5309,1445
5310,590
5311,1319
5312,1400
5313,1265
5314,1346
5315,1427
5316,1292
5317,1373
5318,1454
5319,197
5320,440
5321,665
5322,926
5323,1169
5324,1412
5325,1277
5326,1358
5327,1439
5328,464
5329,1313
5330,1394
5331,1193
5332,1340
5333,1421
5334,1286
5335,1367
5336,1448
5337,593
5338,1322
5339,1403
5340,1268
5341,1349
5342,1430
5343,1295
5344,1376
5345,1457
5346,14
5347,43
5348,44
5349,103
5350,130
5351,133
5352,128
5353,131
5354,134
5355,257
5356,292
5357,319
5358,346
5359,373
5360,400
5361,385
5362,394
5363,403
5364,380
5365,389
5366,398
5367,383
5368,392
5369,401
5370,386
5371,395
5372,404
5373,95
5374,286
5375,287
5376,824
5377,859
5378,862
5379,857
5380,860
5381,863
5382,338
5383,1015
5384,1016
5385,1067
5386,1102
5387,1129
5388,1156
5389,1183
5390,1210
5391,581
5392,1168
5393,1195
5394,1150
5395,1177
5396,1204
5397,1159
5398,1186
5399,1213
5400,176
5401,443
5402,530
5403,905
5404,1172
5405,1199
5406,1154
5407,1181
5408,1208
5409,419
5410,1166
5411,1193
5412,1148
5413,1175
5414,1202
5415,1157
5416,1184
5417,1211
5418,602
5419,1169
5420,1196
5421,1151
5422,1178
5423,1205
5424,1160
5425,1187
5426,1214
5427,41
5428,124
5429,125
5430,310
5431,373
5432,376
5433,371
5434,374
5435,377
5436,284
5437,853
5438,854
5439,1013
5440,1120
5441,1129
5442,1114
5443,1123
5444,1132
5445,527
5446,1118
5447,1127
5448,1112
5449,1121
5450,1130
5451,1115
5452,1124
5453,1133
5454,122
5455,367
5456,368
5457,851
5458,1102
5459,1105
5460,1100
5461,1103
5462,1106
5463,365
5464,1096
5465,1097
5466,1094
5467,3281
5468,3284
5469,1823
5470,3290
5471,3293
5472,608
5473,1337
5474,1826
5475,1337
5476,3308
5477,3311
5478,1826
5479,3311
5480,3320
5481,203
5482,446
5483,611
5484,932
5485,1175
5486,1418
5487,1661
5488,1832
5489,1835
5490,446
5491,1339
5492,1340
5493,1175
5494,3362
5495,3365
5496,1832
5497,3371
5498,3374
5499,611
5500,1340
5501,2069
5502,1418
5503,3365
5504,3392
5505,1835
5506,3374
5507,3401
5508,68
5509,149
5510,206
5511,311
5512,392
5513,473
5514,554
5515,617
5516,620
5517,311
5518,878
5519,935
5520,1040
5521,1121
5522,1202
5523,1283
5524,1364
5525,1445
5526,554
5527,1343
5528,1664
5529,1283
5530,1850
5531,1859
5532,1844
5533,1853
5534,1862
5535,149
5536,448
5537,449
5538,878
5539,1177
5540,1348
5541,1343
5542,1346
5543,1349
5544,392
5545,1177
5546,1178
5547,1121
5548,3308
5549,3365
5550,1850
5551,3533
5552,3536
5553,617
5554,1346
5555,1907
5556,1364
5557,3533
5558,3554
5559,1853
5560,3560
5561,3563
5562,206
5563,449
5564,692
5565,935
5566,1178
5567,1421
5568,1664
5569,1907
5570,2078
5571,473
5572,1348
5573,1421
5574,1202
5575,3365
5576,3608
5577,1859
5578,3554
5579,3617
5580,620
5581,1349
5582,2078
5583,1445
5584,3536
5585,3617
5586,1862
5587,3563
5588,3644
5589,23
5590,50
5591,71
5592,104
5593,131
5594,158
5595,185
5596,212
5597,215
5598,266
5599,293
5600,320
5601,347
5602,374
5603,401
5604,428
5605,455
5606,482
5607,509
5608,536
5609,563
5610,590
5611,617
5612,644
5613,629
5614,638
5615,647
5616,104
5617,313
5618,314
5619,833
5620,860
5621,887
5622,914
5623,941
5624,944
5625,347
5626,1022
5627,1043
5628,1076
5629,1103
5630,1130
5631,1157
5632,1184
5633,1211
5634,590
5635,1265
5636,1292
5637,1319
5638,1346
5639,1373
5640,1400
5641,1427
5642,1454
5643,185
5644,452
5645,557
5646,914
5647,1181
5648,1424
5649,1643
5650,1670
5651,1673
5652,428
5653,1285
5654,1286
5655,1157
5656,1832
5657,1859
5658,1886
5659,1913
5660,1940
5661,629
5662,1358
5663,1925
5664,1400
5665,1907
5666,1934
5667,1889
5668,1916
5669,1943
5670,50
5671,151
5672,152
5673,313
5674,394
5675,457
5676,452
5677,455
5678,458
5679,293
5680,880
5681,881
5682,1022
5683,1123
5684,1204
5685,1285
5686,1366
5687,1375
5688,536
5689,1361
5690,1370
5691,1265
5692,1364
5693,1373
5694,1358
5695,1367
5696,1376
5697,131
5698,394
5699,395
5700,860
5701,1183
5702,1186
5703,1181
5704,1184
5705,1187
5706,374
5707,1123
5708,1124
5709,1103
5710,3290
5711,3311
5712,1832
5713,3371
5714,3374
5715,617
5716,1364
5717,1853
5718,1346
5719,3533
5720,3560
5721,1907
5722,3554
5723,3563
5724,212
5725,455
5726,638
5727,941
5728,1184
5729,1427
5730,1670
5731,1913
5732,1916
5733,455
5734,1366
5735,1367
5736,1184
5737,3371
5738,3554
5739,1913
5740,4100
5741,4103
5742,638
5743,1367
5744,2096
5745,1427
5746,3554
5747,4121
5748,1916
5749,4103
5750,4130
5751,71
5752,152
5753,233
5754,314
5755,395
5756,476
5757,557
5758,638
5759,701
5760,320
5761,881
5762,962
5763,1043
5764,1124
5765,1205
5766,1286
5767,1367
5768,1448
5769,563
5770,1370
5771,1691
5772,1292
5773,1853
5774,1934
5775,1925
5776,2096
5777,2105
5778,158
5779,457
5780,476
5781,887
5782,1186
5783,1429
5784,1424
5785,1427
5786,1430
5787,401
5788,1204
5789,1205
5790,1130
5791,3311
5792,3392
5793,1859
5794,3554
5795,3617
5796,644
5797,1373
5798,1934
5799,1373
5800,3560
5801,4121
5802,1934
5803,4121
5804,4292
5805,215
5806,458
5807,701
5808,944
5809,1187
5810,1430
5811,1673
5812,1916
5813,2159
5814,482
5815,1375
5816,1448
5817,1211
5818,3374
5819,3617
5820,1940
5821,4103
5822,4346
5823,647
5824,1376
5825,2105
5826,1454
5827,3563
5828,4292
5829,1943
5830,4130
5831,4373
5832,8
5833,17
5834,26
5835,35
5836,44
5837,53
5838,62
5839,71
5840,80
5841,89
5842,98
5843,107
5844,116
5845,125
5846,134
5847,143
5848,152
5849,161
5850,170
5851,179
5852,188
5853,197
5854,206
5855,215
5856,224
5857,233
5858,242
5859,89
5860,260
5861,269
5862,278
5863,287
5864,296
5865,305
5866,314
5867,323
5868,332
5869,341
5870,350
5871,359
5872,368
5873,377
5874,386
5875,395
5876,404
5877,413
5878,422
5879,431
5880,440
5881,449
5882,458
5883,467
5884,476
5885,485
5886,170
5887,461
5888,512
5889,521
5890,530
5891,539
5892,548
5893,557
5894,566
5895,413
5896,584
5897,593
5898,602
5899,611
5900,620
5901,629
5902,638
5903,647
5904,656
5905,665
5906,674
5907,665
5908,692
5909,701
5910,674
5911,701
5912,728
5913,35
5914,106
5915,107
5916,316
5917,319
5918,322
5919,317
5920,320
5921,323
5922,278
5923,827
5924,836
5925,845
5926,854
5927,863
5928,872
5929,881
5930,890
5931,521
5932,908
5933,917
5934,926
5935,935
5936,944
5937,953
5938,962
5939,971
5940,116
5941,349
5942,350
5943,845
5944,1016
5945,1025
5946,1034
5947,1043
5948,1052
5949,359
5950,1070
5951,1079
5952,1088
5953,1097
5954,1106
5955,1115
5956,1124
5957,1133
5958,602
5959,1151
5960,1160
5961,1169
5962,1178
5963,1187
5964,1196
5965,1205
5966,1214
5967,197
5968,464
5969,593
5970,926
5971,1193
5972,1268
5973,1277
5974,1286
5975,1295
5976,440
5977,1313
5978,1322
5979,1169
5980,1340
5981,1349
5982,1358
5983,1367
5984,1376
5985,665
5986,1394
5987,1403
5988,1412
5989,1421
5990,1430
5991,1439
5992,1448
5993,1457
5994,62
5995,155
5996,188
5997,317
5998,398
5999,479
6000,560
6001,563
6002,566
6003,305
6004,884
6005,917
6006,1034
6007,1127
6008,1208
6009,1289
6010,1370
6011,1451
6012,548
6013,1397
6014,1646
6015,1277
6016,1664
6017,1673
6018,1682
6019,1691
6020,1700
6021,143
6022,430
6023,431
6024,872
6025,1195
6026,1294
6027,1289
6028,1292
6029,1295
6030,386
6031,1159
6032,1160
6033,1115
6034,1826
6035,1835
6036,1844
6037,1853
6038,1862
6039,629
6040,1400
6041,1889
6042,1358
6043,1907
6044,1916
6045,1925
6046,1934
6047,1943
6048,224
6049,467
6050,674
6051,953
6052,1196
6053,1439
6054,1682
6055,1925
6056,2024
6057,467
6058,1402
6059,1403
6060,1196
6061,2069
6062,2078
6063,1925
6064,2096
6065,2105
6066,674
6067,1403
6068,2132
6069,1439
6070,2078
6071,2159
6072,2024
6073,2105
6074,2186
6075,17
6076,52
6077,53
6078,106
6079,133
6080,160
6081,155
6082,158
6083,161
6084,260
6085,295
6086,322
6087,349
6088,376
6089,403
6090,430
6091,457
6092,484
6093,461
6094,470
6095,479
6096,464
6097,473
6098,482
6099,467
6100,476
6101,485
6102,98
6103,295
6104,296
6105,827
6106,862
6107,889
6108,884
6109,887
6110,890
6111,341
6112,1024
6113,1025
6114,1070
6115,1105
6116,1132
6117,1159
6118,1186
6119,1213
6120,584
6121,1267
6122,1294
6123,1313
6124,1348
6125,1375
6126,1402
6127,1429
6128,1456
6129,179
6130,470
6131,539
6132,908
6133,1199
6134,1442
6135,1397
6136,1424
6137,1451
6138,422
6139,1267
6140,1268
6141,1151
6142,1418
6143,1445
6144,1400
6145,1427
6146,1454
6147,665
6148,1412
6149,1439
6150,1394
6151,1421
6152,1448
6153,1403
6154,1430
6155,1457
6156,44
6157,133
6158,134
6159,319
6160,400
6161,403
6162,398
6163,401
6164,404
6165,287
6166,862
6167,863
6168,1016
6169,1129
6170,1210
6171,1195
6172,1204
6173,1213
6174,530
6175,1199
6176,1208
6177,1193
6178,1202
6179,1211
6180,1196
6181,1205
6182,1214
6183,125
6184,376
6185,377
6186,854
6187,1129
6188,1132
6189,1127
6190,1130
6191,1133
6192,368
6193,1105
6194,1106
6195,1097
6196,3284
6197,3293
6198,1826
6199,3311
6200,3320
6201,611
6202,1418
6203,1835
6204,1340
6205,3365
6206,3374
6207,2069
6208,3392
6209,3401
6210,206
6211,473
6212,620
6213,935
6214,1202
6215,1445
6216,1664
6217,1859
6218,1862
6219,449
6220,1348
6221,1349
6222,1178
6223,3365
6224,3536
6225,1907
6226,3554
6227,3563
6228,692
6229,1421
6230,2078
6231,1421
6232,3608
6233,3617
6234,2078
6235,3617
6236,3644
6237,71
6238,158
6239,215
6240,320
6241,401
6242,482
6243,563
6244,644
6245,647
6246,314
6247,887
6248,944
6249,1043
6250,1130
6251,1211
6252,1292
6253,1373
6254,1454
6255,557
6256,1424
6257,1673
6258,1286
6259,1859
6260,1940
6261,1925
6262,1934
6263,1943
6264,152
6265,457
6266,458
6267,881
6268,1204
6269,1375
6270,1370
6271,1373
6272,1376
6273,395
6274,1186
6275,1187
6276,1124
6277,3311
6278,3374
6279,1853
6280,3560
6281,3563
6282,638
6283,1427
6284,1916
6285,1367
6286,3554
6287,4103
6288,2096
6289,4121
6290,4130
6291,233
6292,476
6293,701
6294,962
6295,1205
6296,1448
6297,1691
6298,1934
6299,2105
6300,476
6301,1429
6302,1430
6303,1205
6304,3392
6305,3617
6306,1934
6307,4121
6308,4292
6309,701
6310,1430
6311,2159
6312,1448
6313,3617
6314,4346
6315,2105
6316,4292
6317,4373
6318,26
6319,53
6320,80
6321,107
6322,134
6323,161
6324,188
6325,215
6326,242
6327,269
6328,296
6329,323
6330,350
6331,377
6332,404
6333,431
6334,458
6335,485
6336,512
6337,539
6338,566
6339,593
6340,620
6341,647
6342,674
6343,701
6344,728
6345,107
6346,322
6347,323
6348,836
6349,863
6350,890
6351,917
6352,944
6353,971
6354,350
6355,1025
6356,1052
6357,1079
6358,1106
6359,1133
6360,1160
6361,1187
6362,1214
6363,593
6364,1268
6365,1295
6366,1322
6367,1349
6368,1376
6369,1403
6370,1430
6371,1457
6372,188
6373,479
6374,566
6375,917
6376,1208
6377,1451
6378,1646
6379,1673
6380,1700
6381,431
6382,1294
6383,1295
6384,1160
6385,1835
6386,1862
6387,1889
6388,1916
6389,1943
6390,674
6391,1439
6392,2024
6393,1403
6394,2078
6395,2105
6396,2132
6397,2159
6398,2186
6399,53
6400,160
6401,161
6402,322
6403,403
6404,484
6405,479
6406,482
6407,485
6408,296
6409,889
6410,890
6411,1025
6412,1132
6413,1213
6414,1294
6415,1375
6416,1456
6417,539
6418,1442
6419,1451
6420,1268
6421,1445
6422,1454
6423,1439
6424,1448
6425,1457
6426,134
6427,403
6428,404
6429,863
6430,1210
6431,1213
6432,1208
6433,1211
6434,1214
6435,377
6436,1132
6437,1133
6438,1106
6439,3293
6440,3320
6441,1835
6442,3374
6443,3401
6444,620
6445,1445
6446,1862
6447,1349
6448,3536
6449,3563
6450,2078
6451,3617
6452,3644
6453,215
6454,482
6455,647
6456,944
6457,1211
6458,1454
6459,1673
6460,1940
6461,1943
6462,458
6463,1375
6464,1376
6465,1187
6466,3374
6467,3563
6468,1916
6469,4103
6470,4130
6471,701
6472,1448
6473,2105
6474,1430
6475,3617
6476,4292
6477,2159
6478,4346
6479,4373
6480,80
6481,161
6482,242
6483,323
6484,404
6485,485
6486,566
6487,647
6488,728
6489,323
6490,890
6491,971
6492,1052
6493,1133
6494,1214
6495,1295
6496,1376
6497,1457
6498,566
6499,1451
6500,1700
6501,1295
6502,1862
6503,1943
6504,2024
6505,2105
6506,2186
6507,161
6508,484
6509,485
6510,890
6511,1213
6512,1456
6513,1451
6514,1454
6515,1457
6516,404
6517,1213
6518,1214
6519,1133
6520,3320
6521,3401
6522,1862
6523,3563
6524,3644
6525,647
6526,1454
6527,1943
6528,1376
6529,3563
6530,4130
6531,2105
6532,4292
6533,4373
6534,242
6535,485
6536,728
6537,971
6538,1214
6539,1457
6540,1700
6541,1943
6542,2186
6543,485
6544,1456
6545,1457
6546,1214
6547,3401
6548,3644
6549,1943
6550,4130
6551,4373
6552,728
6553,1457
6554,2186
6555,1457
6556,3644
6557,4373
6558,2186
6559,4373
6560,6560
